{"chunk_definitions":[{"chunk_id":"c9djhto1vu5sm","expansion_state":0,"options":[],"row":13,"row_count":1,"visible":true},{"chunk_id":"cmtsdbcicghmk","expansion_state":0,"options":[],"row":28,"row_count":1,"visible":true},{"chunk_id":"ccnv2m83cflu7","expansion_state":0,"options":[],"row":33,"row_count":1,"visible":true},{"chunk_id":"cipj1xwxzgyxd","expansion_state":0,"options":[],"row":39,"row_count":1,"visible":true},{"chunk_id":"cnu9jpdpep0f3","expansion_state":0,"options":[],"row":45,"row_count":1,"visible":true},{"chunk_id":"c2guamg4o5do9","expansion_state":0,"options":[],"row":64,"row_count":1,"visible":true},{"chunk_id":"cqxy0yl2xlwxl","expansion_state":0,"options":[],"row":74,"row_count":1,"visible":true},{"chunk_id":"cudr3j07y5yej","expansion_state":0,"options":[],"row":79,"row_count":1,"visible":true},{"chunk_id":"csu88o146yx3q","expansion_state":0,"options":[],"row":86,"row_count":1,"visible":true},{"chunk_id":"c9xbdf7c5d26y","expansion_state":0,"options":[],"row":95,"row_count":1,"visible":true},{"chunk_id":"cone0ekmd2k26","expansion_state":0,"options":[],"row":100,"row_count":1,"visible":true},{"chunk_id":"cku34ifph2fef","expansion_state":0,"options":[],"row":105,"row_count":1,"visible":true},{"chunk_id":"ccmqhphz7kjbf","expansion_state":0,"options":[],"row":109,"row_count":1,"visible":true},{"chunk_id":"cjeuxfhzy4f0s","expansion_state":0,"options":[],"row":121,"row_count":1,"visible":true},{"chunk_id":"c5s2y53v0xr6v","expansion_state":0,"options":[],"row":126,"row_count":1,"visible":true},{"chunk_id":"ci8o2upau2l7y","expansion_state":0,"options":[],"row":139,"row_count":1,"visible":true},{"chunk_id":"cjtj5sg3tisgf","expansion_state":0,"options":[],"row":149,"row_count":1,"visible":true},{"chunk_id":"c1osef8zcn71d","expansion_state":0,"options":[],"row":154,"row_count":1,"visible":true},{"chunk_id":"cci4r33pf7c3r","expansion_state":0,"options":[],"row":166,"row_count":1,"visible":true}],"doc_write_time":1511211473.45937}
